<?xml version="1.0" standalone="yes"?>
<EmoticonSet>
    <name>mr_zhang</name>
    <line>2</line>
    <row>4</row>
    <iconUri>mr_zhang_s_normal.png</iconUri>
    <isShowDelBtn></isShowDelBtn>
    <EmoticonBeans>
        <EmoticonBean>
            <eventType>2</eventType>
            <iconUri>100001.gif</iconUri>
            <content>棒棒哒</content>
        </EmoticonBean>
        <EmoticonBean>
            <eventType>2</eventType>
            <iconUri>100002.gif</iconUri>
            <content>病得不轻</content>
        </EmoticonBean>
        <EmoticonBean>
            <eventType>2</eventType>
            <iconUri>100003.gif</iconUri>
            <content>吃的越好死的越早</content>
        </EmoticonBean>
        <EmoticonBean>
            <eventType>2</eventType>
            <iconUri>100004.gif</iconUri>
            <content>多喝水</content>
        </EmoticonBean>
        <EmoticonBean>
            <eventType>2</eventType>
            <iconUri>100005.gif</iconUri>
            <content>飞吻</content>
        </EmoticonBean>
        <EmoticonBean>
            <eventType>2</eventType>
            <iconUri>100006.gif</iconUri>
            <content>该睡美容觉了</content>
        </EmoticonBean>
        <EmoticonBean>
            <eventType>2</eventType>
            <iconUri>100007.gif</iconUri>
            <content>给你个赞</content>
        </EmoticonBean>
        <EmoticonBean>
            <eventType>2</eventType>
            <iconUri>100008.gif</iconUri>
            <content>关机睡觉</content>
        </EmoticonBean>
        <EmoticonBean>
            <eventType>2</eventType>
            <iconUri>100009.gif</iconUri>
            <content>管住嘴</content>
        </EmoticonBean>
        <EmoticonBean>
            <eventType>2</eventType>
            <iconUri>100010.gif</iconUri>
            <content>迈开腿</content>
        </EmoticonBean>
        <EmoticonBean>
            <eventType>2</eventType>
            <iconUri>100011.gif</iconUri>
            <content>你健康我快乐</content>
        </EmoticonBean>
        <EmoticonBean>
            <eventType>2</eventType>
            <iconUri>100012.gif</iconUri>
            <content>柠檬水治感冒</content>
        </EmoticonBean>
        <EmoticonBean>
            <eventType>2</eventType>
            <iconUri>100013.gif</iconUri>
            <content>泡脚健康</content>
        </EmoticonBean>
        <EmoticonBean>
            <eventType>2</eventType>
            <iconUri>100014.gif</iconUri>
            <content>驱寒补气血</content>
        </EmoticonBean>
        <EmoticonBean>
            <eventType>2</eventType>
            <iconUri>100015.gif</iconUri>
            <content>少吃一口肉减肥666</content>
        </EmoticonBean>
        <EmoticonBean>
            <eventType>2</eventType>
            <iconUri>100016.gif</iconUri>
            <content>少抽一根烟多活六分钟</content>
        </EmoticonBean>
        <EmoticonBean>
            <eventType>2</eventType>
            <iconUri>100017.gif</iconUri>
            <content>少喝酒</content>
        </EmoticonBean>
        <EmoticonBean>
            <eventType>2</eventType>
            <iconUri>100018.gif</iconUri>
            <content>摔手机</content>
        </EmoticonBean>
        <EmoticonBean>
            <eventType>2</eventType>
            <iconUri>100019.gif</iconUri>
            <content>团结就是力量</content>
        </EmoticonBean>
        <EmoticonBean>
            <eventType>2</eventType>
            <iconUri>100020.gif</iconUri>
            <content>微笑会带来幸福</content>
        </EmoticonBean>
        <EmoticonBean>
            <eventType>2</eventType>
            <iconUri>100021.gif</iconUri>
            <content>我们不一样</content>
        </EmoticonBean>
        <EmoticonBean>
            <eventType>2</eventType>
            <iconUri>100022.gif</iconUri>
            <content>醒醒吧</content>
        </EmoticonBean>
        <EmoticonBean>
            <eventType>2</eventType>
            <iconUri>100023.gif</iconUri>
            <content>远离垃圾食品</content>
        </EmoticonBean>
        <EmoticonBean>
            <eventType>2</eventType>
            <iconUri>100024.gif</iconUri>
            <content>早起</content>
        </EmoticonBean>
    </EmoticonBeans>
</EmoticonSet>